"module name","license","repository"
"@ant-design/colors@8.0.1","MIT","https://github.com/ant-design/ant-design-colors"
"@ant-design/cssinjs-utils@2.1.2","MIT","https://github.com/ant-design/cssinjs-util"
"@ant-design/cssinjs@2.1.2","MIT","https://github.com/ant-design/cssinjs"
"@ant-design/fast-color@3.0.1","MIT","https://github.com/ant-design/fast-color"
"@ant-design/icons-svg@4.4.2","MIT","https://github.com/ant-design/ant-design-icons"
"@ant-design/icons@6.2.5","MIT","https://github.com/ant-design/ant-design-icons/tree/master/packages/icons-react"
"@ant-design/react-slick@2.0.0","MIT","https://github.com/ant-design/react-slick"
"@antfu/install-pkg@1.1.0","MIT","https://github.com/antfu/install-pkg"
"@babel/code-frame@7.29.7","MIT","https://github.com/babel/babel"
"@babel/generator@7.29.7","MIT","https://github.com/babel/babel"
"@babel/helper-globals@7.29.7","MIT","https://github.com/babel/babel"
"@babel/helper-module-imports@7.29.7","MIT","https://github.com/babel/babel"
"@babel/helper-string-parser@7.29.7","MIT","https://github.com/babel/babel"
"@babel/helper-validator-identifier@7.29.7","MIT","https://github.com/babel/babel"
"@babel/parser@7.29.7","MIT","https://github.com/babel/babel"
"@babel/runtime@7.29.7","MIT","https://github.com/babel/babel"
"@babel/template@7.29.7","MIT","https://github.com/babel/babel"
"@babel/traverse@7.29.7","MIT","https://github.com/babel/babel"
"@babel/types@7.29.7","MIT","https://github.com/babel/babel"
"@base-ui/react@1.5.0","MIT","https://github.com/mui/base-ui"
"@base-ui/utils@0.2.9","MIT","https://github.com/mui/base-ui"
"@braintree/sanitize-url@7.1.2","MIT","https://github.com/braintree/sanitize-url"
"@chevrotain/types@11.1.2","Apache-2.0","https://github.com/Chevrotain/chevrotain"
"@dnd-kit/accessibility@3.1.1","MIT","https://github.com/clauderic/dnd-kit"
"@dnd-kit/core@6.3.1","MIT","https://github.com/clauderic/dnd-kit"
"@dnd-kit/modifiers@9.0.0","MIT","https://github.com/clauderic/dnd-kit"
"@dnd-kit/sortable@10.0.0","MIT","https://github.com/clauderic/dnd-kit"
"@dnd-kit/utilities@3.2.2","MIT","https://github.com/clauderic/dnd-kit"
"@emoji-mart/data@1.2.1","MIT","https://github.com/missive/emoji-mart"
"@emoji-mart/react@1.1.1","MIT","https://github.com/missive/emoji-mart"
"@emotion/babel-plugin@11.13.5","MIT","https://github.com/emotion-js/emotion/tree/main/packages/babel-plugin"
"@emotion/cache@11.14.0","MIT","https://github.com/emotion-js/emotion/tree/main/packages/cache"
"@emotion/css@11.13.5","MIT","https://github.com/emotion-js/emotion/tree/main/packages/css"
"@emotion/hash@0.8.0","MIT","https://github.com/emotion-js/emotion/tree/master/packages/hash"
"@emotion/hash@0.9.2","MIT","https://github.com/emotion-js/emotion/tree/main/packages/hash"
"@emotion/is-prop-valid@1.4.0","MIT","https://github.com/emotion-js/emotion/tree/main/packages/is-prop-valid"
"@emotion/memoize@0.9.0","MIT","https://github.com/emotion-js/emotion/tree/main/packages/memoize"
"@emotion/react@11.14.0","MIT","https://github.com/emotion-js/emotion/tree/main/packages/react"
"@emotion/serialize@1.3.3","MIT","https://github.com/emotion-js/emotion/tree/main/packages/serialize"
"@emotion/sheet@1.4.0","MIT","https://github.com/emotion-js/emotion/tree/main/packages/sheet"
"@emotion/unitless@0.10.0","MIT","https://github.com/emotion-js/emotion/tree/main/packages/unitless"
"@emotion/unitless@0.7.5","MIT","https://github.com/emotion-js/emotion/tree/master/packages/unitless"
"@emotion/use-insertion-effect-with-fallbacks@1.2.0","MIT","https://github.com/emotion-js/emotion/tree/main/packages/use-insertion-effect-with-fallbacks"
"@emotion/utils@1.4.2","MIT","https://github.com/emotion-js/emotion/tree/main/packages/utils"
"@emotion/weak-memoize@0.4.0","MIT","https://github.com/emotion-js/emotion/tree/main/packages/weak-memoize"
"@floating-ui/core@1.7.5","MIT","https://github.com/floating-ui/floating-ui"
"@floating-ui/dom@1.7.6","MIT","https://github.com/floating-ui/floating-ui"
"@floating-ui/react-dom@2.1.8","MIT","https://github.com/floating-ui/floating-ui"
"@floating-ui/react@0.27.19","MIT","https://github.com/floating-ui/floating-ui"
"@floating-ui/utils@0.2.11","MIT","https://github.com/floating-ui/floating-ui"
"@giscus/react@3.1.0","Custom: https://github.com/giscus/giscus-component","https://github.com/giscus/giscus-component"
"@hookform/resolvers@5.4.0","MIT","https://github.com/react-hook-form/resolvers"
"@iconify/types@2.0.0","MIT","https://github.com/iconify/iconify"
"@iconify/utils@3.1.3","MIT","https://github.com/iconify/iconify"
"@jridgewell/gen-mapping@0.3.13","MIT","https://github.com/jridgewell/sourcemaps"
"@jridgewell/resolve-uri@3.1.2","MIT","https://github.com/jridgewell/resolve-uri"
"@jridgewell/sourcemap-codec@1.5.5","MIT","https://github.com/jridgewell/sourcemaps"
"@jridgewell/trace-mapping@0.3.31","MIT","https://github.com/jridgewell/sourcemaps"
"@lit-labs/ssr-dom-shim@1.6.0","BSD-3-Clause","https://github.com/lit/lit"
"@lit/reactive-element@2.1.2","BSD-3-Clause","https://github.com/lit/lit"
"@lobehub/emojilib@1.0.0","MIT","https://github.com/lobehub/lobe-assets"
"@lobehub/fluent-emoji@4.1.0","MIT","https://github.com/lobehub/fluent-emoji"
"@lobehub/icons@5.10.0","MIT","https://github.com/lobehub/lobe-icons"
"@lobehub/ui@5.15.12","MIT","https://github.com/lobehub/lobe-ui"
"@mdx-js/mdx@3.1.1","MIT","https://github.com/mdx-js/mdx"
"@mdx-js/react@3.1.1","MIT","https://github.com/mdx-js/mdx"
"@mermaid-js/parser@1.1.1","MIT","https://github.com/mermaid-js/mermaid"
"@pierre/diffs@1.2.8","Apache*",""
"@pierre/theme@1.0.3","MIT","https://github.com/pierrecomputer/theme"
"@primer/octicons@19.28.1","MIT","https://github.com/primer/octicons"
"@radix-ui/number@1.1.2","MIT","https://github.com/radix-ui/primitives"
"@radix-ui/primitive@1.1.4","MIT","https://github.com/radix-ui/primitives"
"@radix-ui/react-alert-dialog@1.1.16","MIT","https://github.com/radix-ui/primitives"
"@radix-ui/react-arrow@1.1.9","MIT","https://github.com/radix-ui/primitives"
"@radix-ui/react-collection@1.1.9","MIT","https://github.com/radix-ui/primitives"
"@radix-ui/react-compose-refs@1.1.3","MIT","https://github.com/radix-ui/primitives"
"@radix-ui/react-context@1.1.4","MIT","https://github.com/radix-ui/primitives"
"@radix-ui/react-dialog@1.1.16","MIT","https://github.com/radix-ui/primitives"
"@radix-ui/react-direction@1.1.2","MIT","https://github.com/radix-ui/primitives"
"@radix-ui/react-dismissable-layer@1.1.12","MIT","https://github.com/radix-ui/primitives"
"@radix-ui/react-dropdown-menu@2.1.17","MIT","https://github.com/radix-ui/primitives"
"@radix-ui/react-focus-guards@1.1.4","MIT","https://github.com/radix-ui/primitives"
"@radix-ui/react-focus-scope@1.1.9","MIT","https://github.com/radix-ui/primitives"
"@radix-ui/react-id@1.1.2","MIT","https://github.com/radix-ui/primitives"
"@radix-ui/react-menu@2.1.17","MIT","https://github.com/radix-ui/primitives"
"@radix-ui/react-popper@1.3.0","MIT","https://github.com/radix-ui/primitives"
"@radix-ui/react-portal@1.1.11","MIT","https://github.com/radix-ui/primitives"
"@radix-ui/react-presence@1.1.6","MIT","https://github.com/radix-ui/primitives"
"@radix-ui/react-primitive@2.1.5","MIT","https://github.com/radix-ui/primitives"
"@radix-ui/react-roving-focus@1.1.12","MIT","https://github.com/radix-ui/primitives"
"@radix-ui/react-select@2.3.0","MIT","https://github.com/radix-ui/primitives"
"@radix-ui/react-slot@1.2.5","MIT","https://github.com/radix-ui/primitives"
"@radix-ui/react-tooltip@1.2.9","MIT","https://github.com/radix-ui/primitives"
"@radix-ui/react-use-callback-ref@1.1.2","MIT","https://github.com/radix-ui/primitives"
"@radix-ui/react-use-controllable-state@1.2.3","MIT","https://github.com/radix-ui/primitives"
"@radix-ui/react-use-effect-event@0.0.3","MIT","https://github.com/radix-ui/primitives"
"@radix-ui/react-use-escape-keydown@1.1.2","MIT","https://github.com/radix-ui/primitives"
"@radix-ui/react-use-layout-effect@1.1.2","MIT","https://github.com/radix-ui/primitives"
"@radix-ui/react-use-previous@1.1.2","MIT","https://github.com/radix-ui/primitives"
"@radix-ui/react-use-rect@1.1.2","MIT","https://github.com/radix-ui/primitives"
"@radix-ui/react-use-size@1.1.2","MIT","https://github.com/radix-ui/primitives"
"@radix-ui/react-visually-hidden@1.2.5","MIT","https://github.com/radix-ui/primitives"
"@radix-ui/rect@1.1.2","MIT","https://github.com/radix-ui/primitives"
"@rc-component/async-validator@5.1.1","MIT","https://github.com/react-component/async-validator"
"@rc-component/cascader@1.15.0","MIT","https://github.com/react-component/cascader"
"@rc-component/checkbox@2.0.0","MIT","https://github.com/react-component/checkbox"
"@rc-component/collapse@1.2.0","MIT","https://github.com/react-component/collapse"
"@rc-component/color-picker@3.1.1","MIT","https://github.com/react-component/color-picker"
"@rc-component/context@2.0.2","MIT","https://github.com/react-component/context"
"@rc-component/dialog@1.9.0","MIT","https://github.com/react-component/dialog"
"@rc-component/drawer@1.4.2","MIT","https://github.com/react-component/drawer"
"@rc-component/dropdown@1.0.2","MIT","https://github.com/react-component/dropdown"
"@rc-component/form@1.8.2","MIT","https://github.com/react-component/field-form"
"@rc-component/image@1.9.0","MIT","https://github.com/react-component/image"
"@rc-component/input-number@1.6.2","MIT","https://github.com/react-component/input-number"
"@rc-component/input@1.3.1","MIT","https://github.com/react-component/input"
"@rc-component/mentions@1.9.0","MIT","https://github.com/react-component/mentions"
"@rc-component/menu@1.3.1","MIT","https://github.com/react-component/menu"
"@rc-component/mini-decimal@1.1.4","MIT","https://github.com/react-component/mini-decimal"
"@rc-component/motion@1.3.3","MIT","https://github.com/react-component/motion"
"@rc-component/mutate-observer@2.0.1","MIT","https://github.com/react-component/mutate-observer"
"@rc-component/notification@2.0.7","MIT","https://github.com/react-component/notification"
"@rc-component/overflow@1.0.1","MIT","https://github.com/react-component/overflow"
"@rc-component/pagination@1.2.0","MIT","https://github.com/react-component/pagination"
"@rc-component/picker@1.10.0","MIT","https://github.com/react-component/picker"
"@rc-component/portal@1.1.2","MIT","https://github.com/react-component/portal"
"@rc-component/portal@2.2.1","MIT","https://github.com/react-component/portal"
"@rc-component/progress@1.0.2","MIT","https://github.com/react-component/progress"
"@rc-component/qrcode@1.1.2","MIT","https://github.com/react-component/qrcode"
"@rc-component/rate@1.0.1","MIT","https://github.com/react-component/rate"
"@rc-component/resize-observer@1.1.2","MIT","https://github.com/react-component/resize-observer"
"@rc-component/segmented@1.3.0","MIT","https://github.com/react-component/segmented"
"@rc-component/select@1.6.15","MIT","https://github.com/react-component/select"
"@rc-component/slider@1.0.1","MIT","https://github.com/react-component/slider"
"@rc-component/steps@1.2.2","MIT","https://github.com/react-component/steps"
"@rc-component/switch@1.0.3","MIT","https://github.com/react-component/switch"
"@rc-component/table@1.10.2","MIT","https://github.com/react-component/table"
"@rc-component/tabs@1.9.1","MIT","https://github.com/react-component/tabs"
"@rc-component/tooltip@1.4.0","MIT","https://github.com/react-component/tooltip"
"@rc-component/tour@2.4.0","MIT","https://github.com/react-component/tour"
"@rc-component/tree-select@1.9.0","MIT","https://github.com/react-component/tree-select"
"@rc-component/tree@1.3.2","MIT","https://github.com/react-component/tree"
"@rc-component/trigger@2.3.1","MIT","https://github.com/react-component/trigger"
"@rc-component/trigger@3.9.1","MIT","https://github.com/react-component/trigger"
"@rc-component/upload@1.1.1","MIT","https://github.com/react-component/upload"
"@rc-component/util@1.11.1","MIT","https://github.com/react-component/util"
"@rc-component/virtual-list@1.2.0","MIT","https://github.com/react-component/virtual-list"
"@shikijs/core@3.23.0","MIT","https://github.com/shikijs/shiki"
"@shikijs/core@4.2.0","MIT","https://github.com/shikijs/shiki"
"@shikijs/engine-javascript@3.23.0","MIT","https://github.com/shikijs/shiki"
"@shikijs/engine-javascript@4.2.0","MIT","https://github.com/shikijs/shiki"
"@shikijs/engine-oniguruma@3.23.0","MIT","https://github.com/shikijs/shiki"
"@shikijs/engine-oniguruma@4.2.0","MIT","https://github.com/shikijs/shiki"
"@shikijs/langs@3.23.0","MIT","https://github.com/shikijs/shiki"
"@shikijs/langs@4.2.0","MIT","https://github.com/shikijs/shiki"
"@shikijs/primitive@4.2.0","MIT","https://github.com/shikijs/shiki"
"@shikijs/themes@3.23.0","MIT","https://github.com/shikijs/shiki"
"@shikijs/themes@4.2.0","MIT","https://github.com/shikijs/shiki"
"@shikijs/transformers@3.23.0","MIT","https://github.com/shikijs/shiki"
"@shikijs/transformers@4.2.0","MIT","https://github.com/shikijs/shiki"
"@shikijs/types@3.23.0","MIT","https://github.com/shikijs/shiki"
"@shikijs/types@4.2.0","MIT","https://github.com/shikijs/shiki"
"@shikijs/vscode-textmate@10.0.2","MIT","https://github.com/shikijs/vscode-textmate"
"@splinetool/runtime@0.9.526","Custom: https://prod.spline.design/6Wq1Q7YGyM-iab9i/scene.splinecode",""
"@standard-schema/utils@0.3.0","MIT","https://github.com/standard-schema/standard-schema"
"@stitches/react@1.2.8","MIT","https://github.com/modulz/stitches"
"@types/d3-array@3.2.2","MIT","https://github.com/DefinitelyTyped/DefinitelyTyped"
"@types/d3-axis@3.0.6","MIT","https://github.com/DefinitelyTyped/DefinitelyTyped"
"@types/d3-brush@3.0.6","MIT","https://github.com/DefinitelyTyped/DefinitelyTyped"
"@types/d3-chord@3.0.6","MIT","https://github.com/DefinitelyTyped/DefinitelyTyped"
"@types/d3-color@3.1.3","MIT","https://github.com/DefinitelyTyped/DefinitelyTyped"
"@types/d3-contour@3.0.6","MIT","https://github.com/DefinitelyTyped/DefinitelyTyped"
"@types/d3-delaunay@6.0.4","MIT","https://github.com/DefinitelyTyped/DefinitelyTyped"
"@types/d3-dispatch@3.0.7","MIT","https://github.com/DefinitelyTyped/DefinitelyTyped"
"@types/d3-drag@3.0.7","MIT","https://github.com/DefinitelyTyped/DefinitelyTyped"
"@types/d3-dsv@3.0.7","MIT","https://github.com/DefinitelyTyped/DefinitelyTyped"
"@types/d3-ease@3.0.2","MIT","https://github.com/DefinitelyTyped/DefinitelyTyped"
"@types/d3-fetch@3.0.7","MIT","https://github.com/DefinitelyTyped/DefinitelyTyped"
"@types/d3-force@3.0.10","MIT","https://github.com/DefinitelyTyped/DefinitelyTyped"
"@types/d3-format@3.0.4","MIT","https://github.com/DefinitelyTyped/DefinitelyTyped"
"@types/d3-geo@3.1.0","MIT","https://github.com/DefinitelyTyped/DefinitelyTyped"
"@types/d3-hierarchy@3.1.7","MIT","https://github.com/DefinitelyTyped/DefinitelyTyped"
"@types/d3-interpolate@3.0.4","MIT","https://github.com/DefinitelyTyped/DefinitelyTyped"
"@types/d3-path@3.1.1","MIT","https://github.com/DefinitelyTyped/DefinitelyTyped"
"@types/d3-polygon@3.0.2","MIT","https://github.com/DefinitelyTyped/DefinitelyTyped"
"@types/d3-quadtree@3.0.6","MIT","https://github.com/DefinitelyTyped/DefinitelyTyped"
"@types/d3-random@3.0.3","MIT","https://github.com/DefinitelyTyped/DefinitelyTyped"
"@types/d3-scale-chromatic@3.1.0","MIT","https://github.com/DefinitelyTyped/DefinitelyTyped"
"@types/d3-scale@4.0.9","MIT","https://github.com/DefinitelyTyped/DefinitelyTyped"
"@types/d3-selection@3.0.11","MIT","https://github.com/DefinitelyTyped/DefinitelyTyped"
"@types/d3-shape@3.1.8","MIT","https://github.com/DefinitelyTyped/DefinitelyTyped"
"@types/d3-time-format@4.0.3","MIT","https://github.com/DefinitelyTyped/DefinitelyTyped"
"@types/d3-time@3.0.4","MIT","https://github.com/DefinitelyTyped/DefinitelyTyped"
"@types/d3-timer@3.0.2","MIT","https://github.com/DefinitelyTyped/DefinitelyTyped"
"@types/d3-transition@3.0.9","MIT","https://github.com/DefinitelyTyped/DefinitelyTyped"
"@types/d3-zoom@3.0.8","MIT","https://github.com/DefinitelyTyped/DefinitelyTyped"
"@types/d3@7.4.3","MIT","https://github.com/DefinitelyTyped/DefinitelyTyped"
"@types/debug@4.1.13","MIT","https://github.com/DefinitelyTyped/DefinitelyTyped"
"@types/estree-jsx@1.0.5","MIT","https://github.com/DefinitelyTyped/DefinitelyTyped"
"@types/estree@1.0.9","MIT","https://github.com/DefinitelyTyped/DefinitelyTyped"
"@types/geojson@7946.0.16","MIT","https://github.com/DefinitelyTyped/DefinitelyTyped"
"@types/hast@3.0.4","MIT","https://github.com/DefinitelyTyped/DefinitelyTyped"
"@types/js-cookie@3.0.6","MIT","https://github.com/DefinitelyTyped/DefinitelyTyped"
"@types/katex@0.16.8","MIT","https://github.com/DefinitelyTyped/DefinitelyTyped"
"@types/mdast@4.0.4","MIT","https://github.com/DefinitelyTyped/DefinitelyTyped"
"@types/mdx@2.0.14","MIT","https://github.com/DefinitelyTyped/DefinitelyTyped"
"@types/ms@2.1.0","MIT","https://github.com/DefinitelyTyped/DefinitelyTyped"
"@types/parse-json@4.0.2","MIT","https://github.com/DefinitelyTyped/DefinitelyTyped"
"@types/prismjs@1.26.6","MIT","https://github.com/DefinitelyTyped/DefinitelyTyped"
"@types/react-dom@19.2.3","MIT","https://github.com/DefinitelyTyped/DefinitelyTyped"
"@types/react-syntax-highlighter@15.5.13","MIT","https://github.com/DefinitelyTyped/DefinitelyTyped"
"@types/react@19.2.17","MIT","https://github.com/DefinitelyTyped/DefinitelyTyped"
"@types/trusted-types@2.0.7","MIT","https://github.com/DefinitelyTyped/DefinitelyTyped"
"@types/unist@2.0.11","MIT","https://github.com/DefinitelyTyped/DefinitelyTyped"
"@types/unist@3.0.3","MIT","https://github.com/DefinitelyTyped/DefinitelyTyped"
"@ungap/structured-clone@1.3.1","ISC","https://github.com/ungap/structured-clone"
"@upsetjs/venn.js@2.0.0","MIT","https://github.com/upsetjs/venn.js"
"@use-gesture/core@10.3.1","MIT","https://github.com/pmndrs/use-gesture"
"@use-gesture/react@10.3.1","MIT","https://github.com/pmndrs/use-gesture"
"acorn-jsx@5.3.2","MIT","https://github.com/acornjs/acorn-jsx"
"acorn@8.16.0","MIT","https://github.com/acornjs/acorn"
"agent-base@6.0.2","MIT","https://github.com/TooTallNate/node-agent-base"
"ahooks@3.9.7","MIT","https://github.com/alibaba/hooks"
"antd-style@4.1.0","MIT","https://github.com/ant-design/antd-style"
"antd@6.4.3","MIT","https://github.com/ant-design/ant-design"
"aria-hidden@1.2.6","MIT","https://github.com/theKashey/aria-hidden"
"assign-symbols@1.0.0","MIT","https://github.com/jonschlinkert/assign-symbols"
"astring@1.9.0","MIT","https://github.com/davidbonnet/astring"
"asynckit@0.4.0","MIT","https://github.com/alexindigo/asynckit"
"attr-accept@2.2.5","MIT","https://github.com/react-dropzone/attr-accept"
"axios@1.17.0","MIT","https://github.com/axios/axios"
"babel-plugin-macros@3.1.0","MIT","https://github.com/kentcdodds/babel-plugin-macros"
"bail@2.0.2","MIT","https://github.com/wooorm/bail"
"call-bind-apply-helpers@1.0.2","MIT","https://github.com/ljharb/call-bind-apply-helpers"
"callsites@3.1.0","MIT","https://github.com/sindresorhus/callsites"
"ccount@2.0.1","MIT","https://github.com/wooorm/ccount"
"character-entities-html4@2.1.0","MIT","https://github.com/wooorm/character-entities-html4"
"character-entities-legacy@3.0.0","MIT","https://github.com/wooorm/character-entities-legacy"
"character-entities@2.0.2","MIT","https://github.com/wooorm/character-entities"
"character-reference-invalid@2.0.1","MIT","https://github.com/wooorm/character-reference-invalid"
"chroma-js@3.2.0","(BSD-3-Clause AND Apache-2.0)","https://github.com/gka/chroma.js"
"class-variance-authority@0.7.1","Apache-2.0","https://github.com/joe-bell/cva"
"classnames@2.5.1","MIT","https://github.com/JedWatson/classnames"
"clsx@2.1.1","MIT","https://github.com/lukeed/clsx"
"collapse-white-space@2.1.0","MIT","https://github.com/wooorm/collapse-white-space"
"colord@2.9.3","MIT","https://github.com/omgovich/colord"
"combined-stream@1.0.8","MIT","https://github.com/felixge/node-combined-stream"
"comma-separated-tokens@2.0.3","MIT","https://github.com/wooorm/comma-separated-tokens"
"commander@7.2.0","MIT","https://github.com/tj/commander.js"
"commander@8.3.0","MIT","https://github.com/tj/commander.js"
"compute-scroll-into-view@3.1.1","MIT","https://github.com/scroll-into-view/compute-scroll-into-view"
"convert-source-map@1.9.0","MIT","https://github.com/thlorenz/convert-source-map"
"cookie@1.1.1","MIT","https://github.com/jshttp/cookie"
"cose-base@1.0.3","MIT","https://github.com/iVis-at-Bilkent/cose-base"
"cose-base@2.2.0","MIT","https://github.com/iVis-at-Bilkent/cose-base"
"cosmiconfig@7.1.0","MIT","https://github.com/davidtheclark/cosmiconfig"
"csstype@3.2.3","MIT","https://github.com/frenic/csstype"
"cytoscape-cose-bilkent@4.1.0","MIT","https://github.com/cytoscape/cytoscape.js-cose-bilkent"
"cytoscape-fcose@2.2.0","MIT","https://github.com/iVis-at-Bilkent/cytoscape.js-fcose"
"cytoscape@3.34.0","MIT","https://github.com/cytoscape/cytoscape.js"
"d3-array@2.12.1","BSD-3-Clause","https://github.com/d3/d3-array"
"d3-array@3.2.4","ISC","https://github.com/d3/d3-array"
"d3-axis@3.0.0","ISC","https://github.com/d3/d3-axis"
"d3-brush@3.0.0","ISC","https://github.com/d3/d3-brush"
"d3-chord@3.0.1","ISC","https://github.com/d3/d3-chord"
"d3-color@3.1.0","ISC","https://github.com/d3/d3-color"
"d3-contour@4.0.2","ISC","https://github.com/d3/d3-contour"
"d3-delaunay@6.0.4","ISC","https://github.com/d3/d3-delaunay"
"d3-dispatch@3.0.1","ISC","https://github.com/d3/d3-dispatch"
"d3-drag@3.0.0","ISC","https://github.com/d3/d3-drag"
"d3-dsv@3.0.1","ISC","https://github.com/d3/d3-dsv"
"d3-ease@3.0.1","BSD-3-Clause","https://github.com/d3/d3-ease"
"d3-fetch@3.0.1","ISC","https://github.com/d3/d3-fetch"
"d3-force@3.0.0","ISC","https://github.com/d3/d3-force"
"d3-format@3.1.2","ISC","https://github.com/d3/d3-format"
"d3-geo@3.1.1","ISC","https://github.com/d3/d3-geo"
"d3-hierarchy@3.1.2","ISC","https://github.com/d3/d3-hierarchy"
"d3-interpolate@3.0.1","ISC","https://github.com/d3/d3-interpolate"
"d3-path@1.0.9","BSD-3-Clause","https://github.com/d3/d3-path"
"d3-path@3.1.0","ISC","https://github.com/d3/d3-path"
"d3-polygon@3.0.1","ISC","https://github.com/d3/d3-polygon"
"d3-quadtree@3.0.1","ISC","https://github.com/d3/d3-quadtree"
"d3-random@3.0.1","ISC","https://github.com/d3/d3-random"
"d3-sankey@0.12.3","BSD-3-Clause","https://github.com/d3/d3-sankey"
"d3-scale-chromatic@3.1.0","ISC","https://github.com/d3/d3-scale-chromatic"
"d3-scale@4.0.2","ISC","https://github.com/d3/d3-scale"
"d3-selection@3.0.0","ISC","https://github.com/d3/d3-selection"
"d3-shape@1.3.7","BSD-3-Clause","https://github.com/d3/d3-shape"
"d3-shape@3.2.0","ISC","https://github.com/d3/d3-shape"
"d3-time-format@4.1.0","ISC","https://github.com/d3/d3-time-format"
"d3-time@3.1.0","ISC","https://github.com/d3/d3-time"
"d3-timer@3.0.1","ISC","https://github.com/d3/d3-timer"
"d3-transition@3.0.1","ISC","https://github.com/d3/d3-transition"
"d3-zoom@3.0.0","ISC","https://github.com/d3/d3-zoom"
"d3@7.9.0","ISC","https://github.com/d3/d3"
"dagre-d3-es@7.0.14","MIT","https://github.com/tbo47/dagre-es"
"dayjs@1.11.21","MIT","https://github.com/iamkun/dayjs"
"debug@4.4.3","MIT","https://github.com/debug-js/debug"
"decode-named-character-reference@1.3.0","MIT","https://github.com/wooorm/decode-named-character-reference"
"decode-uri-component@0.4.1","MIT","https://github.com/SamVerschueren/decode-uri-component"
"delaunator@5.1.0","ISC","https://github.com/mapbox/delaunator"
"delayed-stream@1.0.0","MIT","https://github.com/felixge/node-delayed-stream"
"dequal@2.0.3","MIT","https://github.com/lukeed/dequal"
"detect-node-es@1.1.0","MIT","https://github.com/thekashey/detect-node"
"devlop@1.1.0","MIT","https://github.com/wooorm/devlop"
"dexie@4.4.3","Apache-2.0","https://github.com/dexie/Dexie.js"
"diff@8.0.3","BSD-3-Clause","https://github.com/kpdecker/jsdiff"
"dompurify@3.4.8","(MPL-2.0 OR Apache-2.0)","https://github.com/cure53/DOMPurify"
"dunder-proto@1.0.1","MIT","https://github.com/es-shims/dunder-proto"
"emoji-mart@5.6.0","MIT","https://github.com/missive/emoji-mart"
"emoji-regex@10.6.0","MIT","https://github.com/mathiasbynens/emoji-regex"
"entities@6.0.1","BSD-2-Clause","https://github.com/fb55/entities"
"error-ex@1.3.4","MIT","https://github.com/qix-/node-error-ex"
"es-define-property@1.0.1","MIT","https://github.com/ljharb/es-define-property"
"es-errors@1.3.0","MIT","https://github.com/ljharb/es-errors"
"es-object-atoms@1.1.2","MIT","https://github.com/ljharb/es-object-atoms"
"es-set-tostringtag@2.1.0","MIT","https://github.com/es-shims/es-set-tostringtag"
"es-toolkit@1.47.0","MIT","https://github.com/toss/es-toolkit"
"esast-util-from-estree@2.0.0","MIT","https://github.com/syntax-tree/esast-util-from-estree"
"esast-util-from-js@2.0.1","MIT","https://github.com/syntax-tree/esast-util-from-js"
"escape-string-regexp@4.0.0","MIT","https://github.com/sindresorhus/escape-string-regexp"
"escape-string-regexp@5.0.0","MIT","https://github.com/sindresorhus/escape-string-regexp"
"estree-util-attach-comments@3.0.0","MIT","https://github.com/syntax-tree/estree-util-attach-comments"
"estree-util-build-jsx@3.0.1","MIT","https://github.com/syntax-tree/estree-util-build-jsx"
"estree-util-is-identifier-name@3.0.0","MIT","https://github.com/syntax-tree/estree-util-is-identifier-name"
"estree-util-scope@1.0.0","MIT","https://github.com/syntax-tree/estree-util-scope"
"estree-util-to-js@2.0.0","MIT","https://github.com/syntax-tree/estree-util-to-js"
"estree-util-visit@2.0.0","MIT","https://github.com/syntax-tree/estree-util-visit"
"estree-walker@3.0.3","MIT","https://github.com/Rich-Harris/estree-walker"
"extend-shallow@2.0.1","MIT","https://github.com/jonschlinkert/extend-shallow"
"extend-shallow@3.0.2","MIT","https://github.com/jonschlinkert/extend-shallow"
"extend@3.0.2","MIT","https://github.com/justmoon/node-extend"
"fast-deep-equal@3.1.3","MIT","https://github.com/epoberezkin/fast-deep-equal"
"fault@1.0.4","MIT","https://github.com/wooorm/fault"
"file-selector@0.5.0","MIT","https://github.com/react-dropzone/file-selector"
"filter-obj@5.1.0","MIT","https://github.com/sindresorhus/filter-obj"
"find-root@1.1.0","MIT","https://github.com/js-n/find-root"
"follow-redirects@1.16.0","MIT","https://github.com/follow-redirects/follow-redirects"
"for-in@1.0.2","MIT","https://github.com/jonschlinkert/for-in"
"form-data@4.0.5","MIT","https://github.com/form-data/form-data"
"format@0.2.2","MIT","https://github.com/samsonjs/format"
"framer-motion@12.40.0","MIT","https://github.com/motiondivision/motion"
"frontend@0.0.0","UNLICENSED","https://github.com/AI-agent-system/Agent-os"
"function-bind@1.1.2","MIT","https://github.com/Raynos/function-bind"
"get-east-asian-width@1.6.0","MIT","https://github.com/sindresorhus/get-east-asian-width"
"get-intrinsic@1.3.0","MIT","https://github.com/ljharb/get-intrinsic"
"get-nonce@1.0.1","MIT","https://github.com/theKashey/get-nonce"
"get-proto@1.0.1","MIT","https://github.com/ljharb/get-proto"
"get-value@2.0.6","MIT","https://github.com/jonschlinkert/get-value"
"giscus@1.6.0","MIT","https://github.com/giscus/giscus-component"
"gopd@1.2.0","MIT","https://github.com/ljharb/gopd"
"hachure-fill@0.5.2","MIT","https://github.com/pshihn/hachure-fill"
"has-symbols@1.1.0","MIT","https://github.com/inspect-js/has-symbols"
"has-tostringtag@1.0.2","MIT","https://github.com/inspect-js/has-tostringtag"
"hasown@2.0.4","MIT","https://github.com/inspect-js/hasOwn"
"hast-util-from-dom@5.0.1","ISC","https://github.com/syntax-tree/hast-util-from-dom"
"hast-util-from-html-isomorphic@2.0.0","MIT","https://github.com/syntax-tree/hast-util-from-html-isomorphic"
"hast-util-from-html@2.0.3","MIT","https://github.com/syntax-tree/hast-util-from-html"
"hast-util-from-parse5@8.0.3","MIT","https://github.com/syntax-tree/hast-util-from-parse5"
"hast-util-is-element@3.0.0","MIT","https://github.com/syntax-tree/hast-util-is-element"
"hast-util-parse-selector@4.0.0","MIT","https://github.com/syntax-tree/hast-util-parse-selector"
"hast-util-raw@9.1.0","MIT","https://github.com/syntax-tree/hast-util-raw"
"hast-util-sanitize@5.0.2","MIT","https://github.com/syntax-tree/hast-util-sanitize"
"hast-util-to-estree@3.1.3","MIT","https://github.com/syntax-tree/hast-util-to-estree"
"hast-util-to-html@9.0.5","MIT","https://github.com/syntax-tree/hast-util-to-html"
"hast-util-to-jsx-runtime@2.3.6","MIT","https://github.com/syntax-tree/hast-util-to-jsx-runtime"
"hast-util-to-parse5@8.0.1","MIT","https://github.com/syntax-tree/hast-util-to-parse5"
"hast-util-to-text@4.0.2","MIT","https://github.com/syntax-tree/hast-util-to-text"
"hast-util-whitespace@3.0.0","MIT","https://github.com/syntax-tree/hast-util-whitespace"
"hastscript@9.0.1","MIT","https://github.com/syntax-tree/hastscript"
"highlight.js@10.7.3","BSD-3-Clause","https://github.com/highlightjs/highlight.js"
"highlightjs-vue@1.0.0","CC0-1.0","https://github.com/highlightjs/highlightjs-vue"
"hoist-non-react-statics@3.3.2","BSD-3-Clause","https://github.com/mridgway/hoist-non-react-statics"
"html-url-attributes@3.0.1","MIT","https://github.com/rehypejs/rehype-minify/tree/main/packages/html-url-attributes"
"html-void-elements@3.0.0","MIT","https://github.com/wooorm/html-void-elements"
"https-proxy-agent@5.0.1","MIT","https://github.com/TooTallNate/node-https-proxy-agent"
"iconv-lite@0.6.3","MIT","https://github.com/ashtuchkin/iconv-lite"
"idb-keyval@6.2.6","Apache-2.0","https://github.com/jakearchibald/idb-keyval"
"immer@11.1.8","MIT","https://github.com/immerjs/immer"
"import-fresh@3.3.1","MIT","https://github.com/sindresorhus/import-fresh"
"import-meta-resolve@4.2.0","MIT","https://github.com/wooorm/import-meta-resolve"
"inline-style-parser@0.2.7","MIT","https://github.com/remarkablemark/inline-style-parser"
"internmap@1.0.1","ISC","https://github.com/mbostock/internmap"
"internmap@2.0.3","ISC","https://github.com/mbostock/internmap"
"intersection-observer@0.12.2","Apache-2.0","https://github.com/GoogleChromeLabs/intersection-observer"
"is-alphabetical@2.0.1","MIT","https://github.com/wooorm/is-alphabetical"
"is-alphanumerical@2.0.1","MIT","https://github.com/wooorm/is-alphanumerical"
"is-arrayish@0.2.1","MIT","https://github.com/qix-/node-is-arrayish"
"is-core-module@2.16.2","MIT","https://github.com/inspect-js/is-core-module"
"is-decimal@2.0.1","MIT","https://github.com/wooorm/is-decimal"
"is-extendable@0.1.1","MIT","https://github.com/jonschlinkert/is-extendable"
"is-extendable@1.0.1","MIT","https://github.com/jonschlinkert/is-extendable"
"is-hexadecimal@2.0.1","MIT","https://github.com/wooorm/is-hexadecimal"
"is-mobile@5.0.0","MIT","https://github.com/juliangruber/is-mobile"
"is-plain-obj@4.1.0","MIT","https://github.com/sindresorhus/is-plain-obj"
"is-plain-object@2.0.4","MIT","https://github.com/jonschlinkert/is-plain-object"
"isobject@3.0.1","MIT","https://github.com/jonschlinkert/isobject"
"js-cookie@3.0.8","MIT","https://github.com/js-cookie/js-cookie"
"js-tokens@4.0.0","MIT","https://github.com/lydell/js-tokens"
"jsesc@3.1.0","MIT","https://github.com/mathiasbynens/jsesc"
"json-parse-even-better-errors@2.3.1","MIT","https://github.com/npm/json-parse-even-better-errors"
"json2mq@0.2.0","MIT","https://github.com/akiran/json2mq"
"katex@0.16.47","MIT","https://github.com/KaTeX/KaTeX"
"khroma@2.1.0","MIT*","https://github.com/fabiospampinato/khroma"
"layout-base@1.0.2","MIT","https://github.com/iVis-at-Bilkent/layout-base"
"layout-base@2.0.1","MIT","https://github.com/iVis-at-Bilkent/layout-base"
"leva@0.10.1","MIT","https://github.com/pmndrs/leva"
"lines-and-columns@1.2.4","MIT","https://github.com/eventualbuddha/lines-and-columns"
"lit-element@4.2.2","BSD-3-Clause","https://github.com/lit/lit"
"lit-html@3.3.3","BSD-3-Clause","https://github.com/lit/lit"
"lit@3.3.3","BSD-3-Clause","https://github.com/lit/lit"
"lodash-es@4.18.1","MIT","https://github.com/lodash/lodash"
"lodash@4.18.1","MIT","https://github.com/lodash/lodash"
"longest-streak@3.1.0","MIT","https://github.com/wooorm/longest-streak"
"loose-envify@1.4.0","MIT","https://github.com/zertosh/loose-envify"
"lowlight@1.20.0","MIT","https://github.com/wooorm/lowlight"
"lru_map@0.4.1","MIT","https://github.com/rsms/js-lru"
"lucide-react@0.469.0","ISC","https://github.com/lucide-icons/lucide"
"lucide-react@0.556.0","ISC","https://github.com/lucide-icons/lucide"
"lucide-react@0.562.0","ISC","https://github.com/lucide-icons/lucide"
"lucide-react@1.17.0","ISC","https://github.com/lucide-icons/lucide"
"markdown-extensions@2.0.0","MIT","https://github.com/sindresorhus/markdown-extensions"
"markdown-table@3.0.4","MIT","https://github.com/wooorm/markdown-table"
"marked@16.4.2","MIT","https://github.com/markedjs/marked"
"marked@17.0.6","MIT","https://github.com/markedjs/marked"
"math-intrinsics@1.1.0","MIT","https://github.com/es-shims/math-intrinsics"
"mdast-util-find-and-replace@3.0.2","MIT","https://github.com/syntax-tree/mdast-util-find-and-replace"
"mdast-util-from-markdown@2.0.3","MIT","https://github.com/syntax-tree/mdast-util-from-markdown"
"mdast-util-gfm-autolink-literal@2.0.1","MIT","https://github.com/syntax-tree/mdast-util-gfm-autolink-literal"
"mdast-util-gfm-footnote@2.1.0","MIT","https://github.com/syntax-tree/mdast-util-gfm-footnote"
"mdast-util-gfm-strikethrough@2.0.0","MIT","https://github.com/syntax-tree/mdast-util-gfm-strikethrough"
"mdast-util-gfm-table@2.0.0","MIT","https://github.com/syntax-tree/mdast-util-gfm-table"
"mdast-util-gfm-task-list-item@2.0.0","MIT","https://github.com/syntax-tree/mdast-util-gfm-task-list-item"
"mdast-util-gfm@3.1.0","MIT","https://github.com/syntax-tree/mdast-util-gfm"
"mdast-util-math@3.0.0","MIT","https://github.com/syntax-tree/mdast-util-math"
"mdast-util-mdx-expression@2.0.1","MIT","https://github.com/syntax-tree/mdast-util-mdx-expression"
"mdast-util-mdx-jsx@3.2.0","MIT","https://github.com/syntax-tree/mdast-util-mdx-jsx"
"mdast-util-mdx@3.0.0","MIT","https://github.com/syntax-tree/mdast-util-mdx"
"mdast-util-mdxjs-esm@2.0.1","MIT","https://github.com/syntax-tree/mdast-util-mdxjs-esm"
"mdast-util-newline-to-break@2.0.0","MIT","https://github.com/syntax-tree/mdast-util-newline-to-break"
"mdast-util-phrasing@4.1.0","MIT","https://github.com/syntax-tree/mdast-util-phrasing"
"mdast-util-to-hast@13.2.1","MIT","https://github.com/syntax-tree/mdast-util-to-hast"
"mdast-util-to-markdown@2.1.2","MIT","https://github.com/syntax-tree/mdast-util-to-markdown"
"mdast-util-to-string@4.0.0","MIT","https://github.com/syntax-tree/mdast-util-to-string"
"merge-value@1.0.0","MIT","https://github.com/jonschlinkert/merge-value"
"mermaid@11.15.0","MIT","https://github.com/mermaid-js/mermaid"
"micromark-core-commonmark@2.0.3","MIT","https://github.com/micromark/micromark/tree/main/packages/micromark-core-commonmark"
"micromark-extension-cjk-friendly-util@3.0.1","MIT","https://github.com/tats-u/markdown-cjk-friendly"
"micromark-extension-cjk-friendly@2.0.1","MIT","https://github.com/tats-u/markdown-cjk-friendly"
"micromark-extension-gfm-autolink-literal@2.1.0","MIT","https://github.com/micromark/micromark-extension-gfm-autolink-literal"
"micromark-extension-gfm-footnote@2.1.0","MIT","https://github.com/micromark/micromark-extension-gfm-footnote"
"micromark-extension-gfm-strikethrough@2.1.0","MIT","https://github.com/micromark/micromark-extension-gfm-strikethrough"
"micromark-extension-gfm-table@2.1.1","MIT","https://github.com/micromark/micromark-extension-gfm-table"
"micromark-extension-gfm-tagfilter@2.0.0","MIT","https://github.com/micromark/micromark-extension-gfm-tagfilter"
"micromark-extension-gfm-task-list-item@2.1.0","MIT","https://github.com/micromark/micromark-extension-gfm-task-list-item"
"micromark-extension-gfm@3.0.0","MIT","https://github.com/micromark/micromark-extension-gfm"
"micromark-extension-math@3.1.0","MIT","https://github.com/micromark/micromark-extension-math"
"micromark-extension-mdx-expression@3.0.1","MIT","https://github.com/micromark/micromark-extension-mdx-expression/tree/main/packages/micromark-extension-mdx-expression"
"micromark-extension-mdx-jsx@3.0.2","MIT","https://github.com/micromark/micromark-extension-mdx-jsx"
"micromark-extension-mdx-md@2.0.0","MIT","https://github.com/micromark/micromark-extension-mdx-md"
"micromark-extension-mdxjs-esm@3.0.0","MIT","https://github.com/micromark/micromark-extension-mdxjs-esm"
"micromark-extension-mdxjs@3.0.0","MIT","https://github.com/micromark/micromark-extension-mdxjs"
"micromark-factory-destination@2.0.1","MIT","https://github.com/micromark/micromark/tree/main/packages/micromark-factory-destination"
"micromark-factory-label@2.0.1","MIT","https://github.com/micromark/micromark/tree/main/packages/micromark-factory-label"
"micromark-factory-mdx-expression@2.0.3","MIT","https://github.com/micromark/micromark-extension-mdx-expression/tree/main/packages/micromark-factory-mdx-expression"
"micromark-factory-space@2.0.1","MIT","https://github.com/micromark/micromark/tree/main/packages/micromark-factory-space"
"micromark-factory-title@2.0.1","MIT","https://github.com/micromark/micromark/tree/main/packages/micromark-factory-title"
"micromark-factory-whitespace@2.0.1","MIT","https://github.com/micromark/micromark/tree/main/packages/micromark-factory-whitespace"
"micromark-util-character@2.1.1","MIT","https://github.com/micromark/micromark/tree/main/packages/micromark-util-character"
"micromark-util-chunked@2.0.1","MIT","https://github.com/micromark/micromark/tree/main/packages/micromark-util-chunked"
"micromark-util-classify-character@2.0.1","MIT","https://github.com/micromark/micromark/tree/main/packages/micromark-util-classify-character"
"micromark-util-combine-extensions@2.0.1","MIT","https://github.com/micromark/micromark/tree/main/packages/micromark-util-combine-extensions"
"micromark-util-decode-numeric-character-reference@2.0.2","MIT","https://github.com/micromark/micromark/tree/main/packages/micromark-util-decode-numeric-character-reference"
"micromark-util-decode-string@2.0.1","MIT","https://github.com/micromark/micromark/tree/main/packages/micromark-util-decode-string"
"micromark-util-encode@2.0.1","MIT","https://github.com/micromark/micromark/tree/main/packages/micromark-util-encode"
"micromark-util-events-to-acorn@2.0.3","MIT","https://github.com/micromark/micromark-extension-mdx-expression/tree/main/packages/micromark-util-events-to-acorn"
"micromark-util-html-tag-name@2.0.1","MIT","https://github.com/micromark/micromark/tree/main/packages/micromark-util-html-tag-name"
"micromark-util-normalize-identifier@2.0.1","MIT","https://github.com/micromark/micromark/tree/main/packages/micromark-util-normalize-identifier"
"micromark-util-resolve-all@2.0.1","MIT","https://github.com/micromark/micromark/tree/main/packages/micromark-util-resolve-all"
"micromark-util-sanitize-uri@2.0.1","MIT","https://github.com/micromark/micromark/tree/main/packages/micromark-util-sanitize-uri"
"micromark-util-subtokenize@2.1.0","MIT","https://github.com/micromark/micromark/tree/main/packages/micromark-util-subtokenize"
"micromark-util-symbol@2.0.1","MIT","https://github.com/micromark/micromark/tree/main/packages/micromark-util-symbol"
"micromark-util-types@2.0.2","MIT","https://github.com/micromark/micromark/tree/main/packages/micromark-util-types"
"micromark@4.0.2","MIT","https://github.com/micromark/micromark/tree/main/packages/micromark"
"mime-db@1.52.0","MIT","https://github.com/jshttp/mime-db"
"mime-types@2.1.35","MIT","https://github.com/jshttp/mime-types"
"mixin-deep@1.3.2","MIT","https://github.com/jonschlinkert/mixin-deep"
"motion-dom@12.40.0","MIT","https://github.com/motiondivision/motion"
"motion-utils@12.39.0","MIT","https://github.com/motiondivision/motion"
"motion@12.40.0","MIT","https://github.com/motiondivision/motion"
"ms@2.1.3","MIT","https://github.com/vercel/ms"
"numeral@2.0.6","MIT","https://github.com/adamwdraper/Numeral-js"
"object-assign@4.1.1","MIT","https://github.com/sindresorhus/object-assign"
"on-change@4.0.2","MIT","https://github.com/sindresorhus/on-change"
"oniguruma-parser@0.12.2","MIT","https://github.com/slevithan/oniguruma-parser"
"oniguruma-to-es@4.3.6","MIT","https://github.com/slevithan/oniguruma-to-es"
"package-manager-detector@1.6.0","MIT","https://github.com/antfu-collective/package-manager-detector"
"parent-module@1.0.1","MIT","https://github.com/sindresorhus/parent-module"
"parse-entities@4.0.2","MIT","https://github.com/wooorm/parse-entities"
"parse-json@5.2.0","MIT","https://github.com/sindresorhus/parse-json"
"parse5@7.3.0","MIT","https://github.com/inikulin/parse5"
"path-data-parser@0.1.0","MIT","https://github.com/pshihn/path-data-parser"
"path-parse@1.0.7","MIT","https://github.com/jbgutierrez/path-parse"
"path-type@4.0.0","MIT","https://github.com/sindresorhus/path-type"
"picocolors@1.1.1","ISC","https://github.com/alexeyraspopov/picocolors"
"points-on-curve@0.2.0","MIT","https://github.com/pshihn/bezier-points"
"points-on-path@0.2.1","MIT","https://github.com/pshihn/points-on-path"
"polished@4.3.1","MIT","https://github.com/styled-components/polished"
"prismjs@1.30.0","MIT","https://github.com/PrismJS/prism"
"prop-types@15.8.1","MIT","https://github.com/facebook/prop-types"
"property-information@7.2.0","MIT","https://github.com/wooorm/property-information"
"proxy-from-env@2.1.0","MIT","https://github.com/Rob--W/proxy-from-env"
"query-string@9.4.0","MIT","https://github.com/sindresorhus/query-string"
"rc-collapse@4.0.0","MIT","https://github.com/react-component/collapse"
"rc-dialog@9.6.0","MIT","https://github.com/react-component/dialog"
"rc-footer@0.6.8","MIT","https://github.com/react-component/footer"
"rc-image@7.12.0","MIT","https://github.com/react-component/image"
"rc-input-number@9.5.0","MIT","https://github.com/react-component/input-number"
"rc-input@1.8.0","MIT","https://github.com/react-component/input"
"rc-menu@9.16.1","MIT","https://github.com/react-component/menu"
"rc-motion@2.9.5","MIT","https://github.com/react-component/motion"
"rc-overflow@1.5.0","MIT","https://github.com/react-component/overflow"
"rc-resize-observer@1.4.3","MIT","https://github.com/react-component/resize-observer"
"rc-util@5.44.4","MIT","https://github.com/react-component/util"
"re-resizable@6.11.2","MIT","https://github.com/bokuweb/react-resizable-box"
"react-avatar-editor@15.1.0","MIT","https://github.com/mosch/react-avatar-editor"
"react-colorful@5.7.0","MIT","https://github.com/omgovich/react-colorful"
"react-dom@19.2.7","MIT","https://github.com/facebook/react"
"react-draggable@4.6.0","MIT","https://github.com/react-grid-layout/react-draggable"
"react-dropzone@12.1.0","MIT","https://github.com/react-dropzone/react-dropzone"
"react-error-boundary@6.1.2","MIT","https://github.com/bvaughn/react-error-boundary"
"react-fast-compare@3.2.2","MIT","https://github.com/FormidableLabs/react-fast-compare"
"react-hook-form@7.78.0","MIT","https://github.com/react-hook-form/react-hook-form"
"react-hotkeys-hook@5.3.2","MIT","https://github.com/JohannesKlauss/react-keymap-hook"
"react-is@16.13.1","MIT","https://github.com/facebook/react"
"react-is@18.3.1","MIT","https://github.com/facebook/react"
"react-markdown@10.1.0","MIT","https://github.com/remarkjs/react-markdown"
"react-merge-refs@3.0.2","MIT","https://github.com/gregberge/react-merge-refs"
"react-remove-scroll-bar@2.3.8","MIT","https://github.com/theKashey/react-remove-scroll-bar"
"react-remove-scroll@2.7.2","MIT","https://github.com/theKashey/react-remove-scroll"
"react-rnd@10.5.3","MIT","https://github.com/bokuweb/react-rnd"
"react-router-dom@7.17.0","MIT","https://github.com/remix-run/react-router"
"react-router@7.17.0","MIT","https://github.com/remix-run/react-router"
"react-style-singleton@2.2.3","MIT","https://github.com/theKashey/react-style-singleton"
"react-syntax-highlighter@16.1.1","MIT","https://github.com/react-syntax-highlighter/react-syntax-highlighter"
"react-zoom-pan-pinch@3.7.0","MIT","https://github.com/prc5/react-zoom-pan-pinch"
"react@19.2.7","MIT","https://github.com/facebook/react"
"recma-build-jsx@1.0.0","MIT","https://github.com/mdx-js/recma/tree/main/packages/recma-build-jsx"
"recma-jsx@1.0.1","MIT","https://github.com/mdx-js/recma/tree/main/packages/recma-jsx"
"recma-parse@1.0.0","MIT","https://github.com/mdx-js/recma/tree/main/packages/recma-parse"
"recma-stringify@1.0.0","MIT","https://github.com/mdx-js/recma/tree/main/packages/recma-stringify"
"refractor@5.0.0","MIT","https://github.com/wooorm/refractor"
"regex-recursion@6.0.2","MIT","https://github.com/slevithan/regex-recursion"
"regex-utilities@2.3.0","MIT","https://github.com/slevithan/regex-utilities"
"regex@6.1.0","MIT","https://github.com/slevithan/regex"
"rehype-github-alerts@4.2.0","MIT","https://github.com/chrisweb/rehype-github-alerts"
"rehype-harden@1.1.8","MIT","https://github.com/vercel-labs/markdown-sanitizers"
"rehype-katex@7.0.1","MIT","https://github.com/remarkjs/remark-math/tree/main/packages/rehype-katex"
"rehype-raw@7.0.0","MIT","https://github.com/rehypejs/rehype-raw"
"rehype-recma@1.0.0","MIT","https://github.com/mdx-js/recma/tree/main/packages/rehype-recma"
"rehype-sanitize@6.0.0","MIT","https://github.com/rehypejs/rehype-sanitize"
"remark-breaks@4.0.0","MIT","https://github.com/remarkjs/remark-breaks"
"remark-cjk-friendly@2.0.1","MIT","https://github.com/tats-u/markdown-cjk-friendly"
"remark-gfm@4.0.1","MIT","https://github.com/remarkjs/remark-gfm"
"remark-github@12.0.0","MIT","https://github.com/remarkjs/remark-github"
"remark-math@6.0.0","MIT","https://github.com/remarkjs/remark-math/tree/main/packages/remark-math"
"remark-mdx@3.1.1","MIT","https://github.com/mdx-js/mdx"
"remark-parse@11.0.0","MIT","https://github.com/remarkjs/remark/tree/main/packages/remark-parse"
"remark-rehype@11.1.2","MIT","https://github.com/remarkjs/remark-rehype"
"remark-stringify@11.0.0","MIT","https://github.com/remarkjs/remark/tree/main/packages/remark-stringify"
"remend@1.3.0","Apache-2.0","https://github.com/vercel/streamdown"
"reselect@5.2.0","MIT","https://github.com/reduxjs/reselect"
"resize-observer-polyfill@1.5.1","MIT","https://github.com/que-etc/resize-observer-polyfill"
"resolve-from@4.0.0","MIT","https://github.com/sindresorhus/resolve-from"
"resolve@1.22.12","MIT","https://github.com/browserify/resolve"
"robust-predicates@3.0.3","Unlicense","https://github.com/mourner/robust-predicates"
"roughjs@4.6.6","MIT","https://github.com/pshihn/rough"
"rw@1.3.3","BSD-3-Clause","https://github.com/mbostock/rw"
"safer-buffer@2.1.2","MIT","https://github.com/ChALkeR/safer-buffer"
"scheduler@0.27.0","MIT","https://github.com/facebook/react"
"screenfull@5.2.0","MIT","https://github.com/sindresorhus/screenfull.js"
"scroll-into-view-if-needed@3.1.0","MIT","https://github.com/scroll-into-view/scroll-into-view-if-needed"
"semver-compare@1.0.0","MIT","https://github.com/substack/semver-compare"
"set-cookie-parser@2.7.2","MIT","https://github.com/nfriedly/set-cookie-parser"
"set-value@2.0.1","MIT","https://github.com/jonschlinkert/set-value"
"shiki-stream@0.1.4","MIT","https://github.com/antfu/shiki-stream"
"shiki@3.23.0","MIT","https://github.com/shikijs/shiki"
"shiki@4.2.0","MIT","https://github.com/shikijs/shiki"
"sonner@2.0.7","MIT","https://github.com/emilkowalski/sonner"
"source-map@0.5.7","BSD-3-Clause","https://github.com/mozilla/source-map"
"source-map@0.7.6","BSD-3-Clause","https://github.com/mozilla/source-map"
"space-separated-tokens@2.0.2","MIT","https://github.com/wooorm/space-separated-tokens"
"split-on-first@3.0.0","MIT","https://github.com/sindresorhus/split-on-first"
"split-string@3.1.0","MIT","https://github.com/jonschlinkert/split-string"
"streamdown@2.5.0","Apache-2.0","https://github.com/vercel/streamdown"
"string-convert@0.2.1","MIT","https://github.com/akiran/string-convert"
"stringify-entities@4.0.4","MIT","https://github.com/wooorm/stringify-entities"
"style-to-js@1.1.21","MIT","https://github.com/remarkablemark/style-to-js"
"style-to-object@1.0.14","MIT","https://github.com/remarkablemark/style-to-object"
"stylis@4.2.0","MIT","https://github.com/thysultan/stylis.js"
"stylis@4.4.0","MIT","https://github.com/thysultan/stylis.js"
"supports-preserve-symlinks-flag@1.0.0","MIT","https://github.com/inspect-js/node-supports-preserve-symlinks-flag"
"swr@2.4.1","MIT","https://github.com/vercel/swr"
"tabbable@6.4.0","MIT","https://github.com/focus-trap/tabbable"
"tailwind-merge@3.6.0","MIT","https://github.com/dcastil/tailwind-merge"
"throttle-debounce@5.0.2","MIT","https://github.com/niksy/throttle-debounce"
"tinyexec@1.2.4","MIT","https://github.com/tinylibs/tinyexec"
"to-vfile@8.0.0","MIT","https://github.com/vfile/to-vfile"
"trim-lines@3.0.1","MIT","https://github.com/wooorm/trim-lines"
"trough@2.2.0","MIT","https://github.com/wooorm/trough"
"ts-dedent@2.2.0","MIT","https://github.com/tamino-martinius/node-ts-dedent"
"ts-md5@2.0.1","MIT","https://github.com/cotag/ts-md5"
"tslib@2.6.2","0BSD","https://github.com/Microsoft/tslib"
"tslib@2.8.1","0BSD","https://github.com/Microsoft/tslib"
"unified@11.0.5","MIT","https://github.com/unifiedjs/unified"
"unist-util-find-after@5.0.0","MIT","https://github.com/syntax-tree/unist-util-find-after"
"unist-util-is@6.0.1","MIT","https://github.com/syntax-tree/unist-util-is"
"unist-util-position-from-estree@2.0.0","MIT","https://github.com/syntax-tree/unist-util-position-from-estree"
"unist-util-position@5.0.0","MIT","https://github.com/syntax-tree/unist-util-position"
"unist-util-remove-position@5.0.0","MIT","https://github.com/syntax-tree/unist-util-remove-position"
"unist-util-stringify-position@4.0.0","MIT","https://github.com/syntax-tree/unist-util-stringify-position"
"unist-util-visit-parents@6.0.2","MIT","https://github.com/syntax-tree/unist-util-visit-parents"
"unist-util-visit@5.1.0","MIT","https://github.com/syntax-tree/unist-util-visit"
"url-join@5.0.0","MIT","https://github.com/jfromaniello/url-join"
"use-callback-ref@1.3.3","MIT","https://github.com/theKashey/use-callback-ref"
"use-merge-value@1.2.0","MIT","https://github.com/chenshuai2144/merge-value-hooks"
"use-sidecar@1.1.3","MIT","https://github.com/theKashey/use-sidecar"
"use-sync-external-store@1.6.0","MIT","https://github.com/facebook/react"
"uuid@13.0.2","MIT","https://github.com/uuidjs/uuid"
"v8n@1.5.1","MIT","https://github.com/imbrn/v8n"
"vfile-location@5.0.3","MIT","https://github.com/vfile/vfile-location"
"vfile-message@4.0.3","MIT","https://github.com/vfile/vfile-message"
"vfile@6.0.3","MIT","https://github.com/vfile/vfile"
"virtua@0.49.1","MIT","https://github.com/inokawa/virtua"
"web-namespaces@2.0.1","MIT","https://github.com/wooorm/web-namespaces"
"yaml@1.10.3","ISC","https://github.com/eemeli/yaml"
"zod@4.4.3","MIT","https://github.com/colinhacks/zod"
"zustand@3.7.2","MIT","https://github.com/pmndrs/zustand"
"zustand@5.0.14","MIT","https://github.com/pmndrs/zustand"
"zwitch@2.0.4","MIT","https://github.com/wooorm/zwitch"
